,accuracy,balanced_accuracy,precision,recall,f1,specificity,mcc,cohen_kappa,roc_auc,avg_precision
rule_based,0.9166666666666666,0.7451867816091954,0.6105769230769231,0.5291666666666667,0.5669642857142857,0.9612068965517241,0.5227551484542966,0.5211217426710097,0.7451867816091954,0.37163647402854877
statistical,0.540807560137457,0.7311063218390804,0.1799227799227799,0.9708333333333333,0.3035830618892508,0.49137931034482757,0.28289654556619376,0.15693320866701888,0.8504260456577267,0.2937554842035583
semantic,0.8092783505154639,0.8623323754789272,0.34307692307692306,0.9291666666666667,0.501123595505618,0.7954980842911877,0.49119659590641834,0.41268239465430245,0.9188298212005108,0.5046868841333714
maml,0.3247422680412371,0.5866858237547893,0.12415349887133183,0.9166666666666666,0.21868787276341947,0.2567049808429119,0.12364589133980604,0.04532819112969877,0.7619113186462325,0.5218341618212986
ensemble,0.7152061855670103,0.8301724137931035,0.26262626262626265,0.975,0.41379310344827586,0.6853448275862069,0.41311827992119565,0.30010774102974314,0.9565233876117498,0.7954348445190882
