tool,samples,coverage,accuracy,f1_score
parse_xml,32,1.0,0.96875,0.9411764705882353
send_webhook,32,1.0,0.875,0.8
verify_jwt,28,1.0,0.8571428571428571,0.7777777777777778
ldap_query,36,1.0,0.8333333333333334,0.75
redis_command,40,1.0,0.825,0.72
deserialize_data,32,1.0,0.8125,0.7
graphql_query,40,1.0,0.7,0.5714285714285714
s3_operation,32,1.0,0.53125,0.5161290322580645
render_template,32,1.0,0.5,0.4666666666666667
